ROUND,AUC_ACCURACY
1,0.699490662139219
2,0.7351443123938879
3,0.7572156196943972
